x,y
0.0,-217.6082464928442
10.0,-30.08465408122055
20.0,-137.4516680512362
30.0,-45.65006994437749
40.0,27.380535566963133
50.0,-132.17174547669737
60.0,-151.84297115602084
70.0,11.278151168584301
80.0,-235.2470134069038
90.0,7.466274189385757
100.0,79.8815582855205
110.0,69.0841781121775
120.0,123.23944246815691
130.0,179.47215332094171
140.0,132.48728605018974
150.0,0.17397333008018734
160.0,191.88754425290648
170.0,166.81140816811714
180.0,52.1259606107797
190.0,32.62532908175197
200.0,47.523635848456195
210.0,245.2763988928599
220.0,198.0791492821582
230.0,183.29289424426355
240.0,218.55605833828093
250.0,244.5990691026384
260.0,347.1081585151876
270.0,203.36054308249678
280.0,305.4527628748619
290.0,344.6590967020554
300.0,474.18785043859174
310.0,557.1014113612922
320.0,363.9687666823119
330.0,531.6931234749502
340.0,577.360256565873
350.0,379.196442912461
360.0,441.0093773629122
370.0,553.5530167122541
380.0,613.6593013368572
390.0,729.2860142857617
400.0,798.6183762367972
410.0,725.6785640888114
420.0,769.8280730611006
430.0,841.1831663930495
440.0,822.009265850763
450.0,862.7967438024788
460.0,672.7095015764895
470.0,1038.9597539964632
480.0,980.7896551795078
490.0,1044.1994360878023
500.0,1115.8079284950943
510.0,930.6924009529241
520.0,1042.5335866452792
530.0,1039.5937047049358
540.0,1319.1818345105912
550.0,1194.8232033176416
560.0,1110.193267989556
570.0,1168.935943019456
580.0,974.1061079428339
590.0,1381.4286411276598
600.0,1624.463584960474
610.0,1507.5896953924441
620.0,1448.924750569661
630.0,1475.9015265324256
640.0,1404.9570553174053
650.0,1534.8504706766184
660.0,1675.470095605779
670.0,1718.2626563386207
680.0,1760.5245735599378
690.0,1640.7193296931391
700.0,1820.468174512676
710.0,1946.9759561738936
720.0,1849.8037500879595
730.0,1866.9787578900107
740.0,1917.3751384217562
750.0,2036.7055635754598
760.0,1783.5592270570357
770.0,2016.7913208776297
780.0,2115.881341233445
790.0,2060.454787560658
800.0,2091.0965270076954
810.0,2223.1175141496547
820.0,2228.874194689495
830.0,2316.918715646795
840.0,2574.860881220354
850.0,2347.7695362321388
860.0,2456.3177803665894
870.0,2531.0890701405733
880.0,2536.8336030704713
890.0,2649.1686614424507
900.0,2536.221385069857
910.0,2666.1937537515587
920.0,2446.718971198621
930.0,2778.087973664085
940.0,2765.485196895615
950.0,2752.076719563033
960.0,2776.1424221640186
970.0,2903.2589244070496
980.0,3103.094616878912
990.0,2804.5351266541975
