x,y,altura
-0.7468064351055075,-1.0987840040509989,0.5758779703485946
-2.985183914015183,-3.3909151315024886,-3.5482535911266946
-1.7183002239672298,1.5448901445015508,1.5399382329042355
-0.5253006776222291,-2.357877549722878,-3.8806055331978406
0.7289048348412877,1.3313739598219545,-1.1916924341704
-3.5887977918472016,1.2882904872152459,11.07663492993721
-2.0474940901470324,-3.43538156191475,-7.765565875851912
0.5606856767733435,3.7191833204353335,-14.441000420712115
1.4406615569917474,2.0210260411282306,-2.3129166802524552
0.6957855881531332,0.4516302735680311,1.1110186040682586
-2.109395637696837,-2.063732459118773,1.5104732604302493
-2.1316044232629014,-3.963556527049234,-10.729453290316743
0.1769410582471238,1.951921102544687,-3.6138982860333635
-1.6623587749655417,-3.5715713218305885,-10.023959127996608
-2.914650838394828,0.6728135832707709,10.56361007671086
-3.201857614878513,2.1578022144149536,3.5015438767414704
-2.0310506314736703,-0.38608215875709107,4.124723936637261
1.7670640489197336,-2.012835159747155,-0.3723345668273276
0.9706595085976302,2.82637427966106,-5.476181565663779
-1.566388425852577,-2.538505569265319,-4.326035062165712
-2.6282146750949638,-1.2582198853965663,4.424851405655555
3.8192205323092994,-3.785910630457712,1.5158870421688266
0.21312722415227636,-1.3632872397132916,-0.9489569123343017
-2.2523381174869774,-0.6995251253093766,4.268604295452432
-1.8041504951852385,-0.2989859686082763,1.9619083832055921
-3.6786534075930692,-3.006465932784998,6.535454281750008
-1.1768896665744588,2.674955341381648,-4.904098413171739
0.5204566650527243,-0.8770866725670929,-0.6433160270086733
2.3358555099239204,0.6897429801301849,3.5354510701509616
0.009382820220636745,2.758901734190877,-8.524848307513428
3.942937979323667,-3.271452223362785,6.432075509072199
-3.695419856137711,1.4316632027792746,11.21361175794767
1.296494464882735,1.9805682586200337,-2.184281680567522
0.7837115680143887,1.2316418042605264,-0.16005341058704903
2.8729071257824064,-0.7453834380074298,8.033647848284327
0.19393694984733578,1.8251189216645436,-1.6415609158815347
-3.4771101330946683,0.1561585963812746,12.531416167674147
2.9190478784996916,2.6930583750725905,4.084863167158675
0.7496953514886284,0.7567321012683301,-2.5426822593625626
1.0612382708130221,-2.6500931344818124,-5.471060804339387
3.6187421716364483,-3.4025038916750603,2.868461284039613
0.7648618192511254,-1.6761740977917912,-3.5591598479750424
2.9070427842152187,3.451431353659026,-1.8213370771195205
1.1319029120101352,2.965839595516849,-4.643825302405535
-0.19909013086258476,3.7780945247481093,-13.764131228117785
3.2822074809996904,-3.250105063551471,-0.4131538759107042
1.1075118158839228,-3.0162376846747785,-7.598902348767432
3.0852126486034788,-2.357606626576975,3.3571483154868726
-3.1827134841580893,-2.9851482905363245,1.7677278166632258
-0.9209027132039704,1.3710510728260816,-1.068232862424641
-0.3450673098588197,-2.0558249013934855,-2.6038480833785673
0.21839521093207903,1.9977446398491043,-3.2715947523000484
-2.610292614507398,-1.5440029092491034,4.973449295744886
-1.7007664264729652,-0.4131198054641265,2.0940631134277483
-1.0719336698357713,-3.3734660347353067,-9.851724220217276
-1.2918452403544718,0.5288504854187446,1.3586609528003826
3.3399596832161995,1.7144325589782454,9.459252283067274
-3.392493465966152,3.7993331301691464,-3.9539341143924815
-2.603335067842533,1.452380767168,3.886075887936782
2.3791742491766747,1.2811960313227555,5.163901308625931
0.005442205668454214,3.2310226144121774,-11.182368641233932
-3.0656110134069916,2.7935972937553766,1.1305162595159808
-3.645404356201152,-2.687738429575849,6.172973451696964
-0.42600279837533517,1.5168398997712895,-2.6341812881571425
2.536723843178656,-1.2784963423922875,4.011228382698306
-2.6904925095875782,-0.917834857858363,6.486607926931207
1.4650698583293105,0.44163270760364703,2.7741962987890902
-3.6387727902121103,-3.1859793905681153,3.055246751024562
-0.8172152639477215,2.5131474673744263,-4.689943276439036
-2.0510542919031005,-3.2666339675515292,-8.198766877131185
2.100184125505807,1.2803096300206498,1.7646841050990538
0.5819035781699231,-0.5949879452253688,-1.0095795905574922
-1.520934070074678,-0.6486793164892699,1.236790193553035
0.06071486813565041,1.5022079419219043,-2.4902893558515244
0.2894669913033052,1.0774213183517016,-0.444002122546731
-1.0482294756134403,0.6357894480199908,1.2459779628347407
1.5379728833460362,3.213323958922005,-7.979942031644327
-3.654445778891252,-2.0707127486747465,8.91102154804719
-2.2329393886487443,3.69403034031241,-6.898187756633619
-0.5987094935761457,-3.636397985636811,-12.731906012689327
1.0636838791761436,-2.2517446775580927,-2.476144974928018
-3.0402658240616462,-0.17266667102230748,10.79719131271849
-1.251378119914789,1.498613961887612,-1.25839581131908
-1.835047312002267,1.1045503009906144,1.616493177912956
2.0105656458740713,-1.3762180794151115,2.51259515464419
3.009868725955493,-2.561741043875559,2.491050266666055
-2.776840068249526,0.8342085131823627,6.100087575485209
-3.661994594882289,3.9406883507648596,-1.5117286637785048
-0.16476387390747238,-1.727765680035052,-2.690931976445284
-1.699786401333963,0.04894205287644926,2.1616907473893
-1.5072446004585611,3.816204262980718,-12.338351270981798
-1.6389776617918104,1.884870876144964,-0.47518020425831925
3.5324609480759115,-3.8074313917619653,-0.6380284022395475
2.724384591583413,-1.5292891720561013,5.25260903113178
-1.942022587615127,-3.8205641831760007,-10.624730073370378
-0.38500175083677757,-2.046265146671141,-3.5054128978988253
-3.491261994071622,-1.2970864022326385,9.722763579465827
-2.5059991085348097,0.6646958549192776,6.172845524935633
-0.48512619456399353,-3.4647490657795474,-11.506434431698631
0.5602538940237416,3.567140227049988,-14.062665408820278
3.799547916690676,-2.3901692228201092,7.560013080561011
2.1248366420990186,-1.6356703851572556,1.192812785165576
0.14306493099047835,0.6315128675942221,0.9236992790142626
3.507075938995002,-0.023787064893097565,13.66765071566994
-0.9337725129933521,-0.2212645613235651,0.6067464826170055
1.4211327710323696,-0.32360057523564656,1.419142449123189
0.48077042633488976,-0.30707920742976746,0.7897209595590107
-2.6166939759708,0.9544068404666275,6.569721795063504
-2.87418783922514,1.0196629161397324,7.4010086370666714
1.69025799206488,-1.389008094930686,-0.7748750429646181
2.9465713712772104,-3.619830372507619,-4.926218398533629
0.012702507726825019,-3.6545221710270086,-13.691644209290725
-2.5575441805076,-0.6681983273917327,4.689302036441648
1.8189826999201122,0.8166080288484112,3.1036038954926224
0.9331162457843503,-3.8822706710185777,-13.37856054331455
2.7842814142531793,-0.09066015143137651,8.420688849225957
-3.439234386933556,-1.1645617643405952,9.726581788486676
2.549718148849329,-2.7439719836471674,0.09176363195640902
2.228197245417939,1.04539417132196,4.272373765830584
-2.3930162005641824,0.901176047467227,4.809915675600215
0.10285477193519643,3.680928169239258,-14.136213968704809
-1.6592090363868257,-1.8235322462361312,0.028464310179090235
-0.09665254263658873,0.03674686405264094,-0.26301103988771163
1.6704259416576646,2.122945735272758,-1.6539080857640398
-2.081536044974971,0.9994382797871024,3.4441006391724005
0.5957250014679607,-2.2821335044025712,-5.066794441132917
2.9565939104341803,1.8449713960885719,5.7340106937550885
1.1524472047889258,-0.6111977752612097,-0.33885811899369145
-3.909197706767575,-3.314298465518144,4.1405583890822
1.936125727968065,-0.0227853048852662,4.688043275719512
3.37439342290232,0.8381113618643408,12.226468223624153
3.5571870061035424,-2.299259979557208,7.556638885367937
0.4374450636829055,0.07037945461769901,1.478090116957348
0.4545058325008604,-3.4487323117877438,-13.175121707698025
0.5768491705057253,-3.9763587503550673,-14.523624077315493
1.5482321091725604,0.2528242944340171,3.2373837174454603
1.8659205408660302,3.4748306628032317,-8.86547843157025
3.390358545066338,3.065981749248744,2.0302866856175674
-2.0635076941445325,2.9478798138768942,-3.809448692932987
-1.7467942257810805,3.498042719585741,-9.771846489666368
1.0517357080224636,-1.6699442877833635,-2.1985119136321276
3.4734024030637896,3.7680704503684535,-1.7404619948809334
-1.94936842647179,-1.064840257427087,1.1413055145060547
-1.5563251592643903,0.7050927090819394,1.0504290061413937
-2.262667275688977,2.1253546572125765,0.7376638235349136
-0.5155831783559037,3.871569684077248,-15.184033083271919
0.8599758884467823,0.8147047011283464,-0.23799031277850535
0.2429673142073323,3.8994186085176086,-16.010329691097112
1.4390187041888742,-2.5581601962513627,-5.833535238702046
-0.30734328123562715,-0.5561597727676775,1.5321457272703984
3.6412209791886783,-0.12282813704076734,12.578080904398401
-3.1945783414271247,-2.3034932827144106,4.5353712352023265
-1.8759726990182273,3.1664090696704914,-7.240222373799235
1.3317503737397685,-3.3685169733827776,-7.368169706074181
-3.279686279651912,3.761359499919325,-4.0323509648244595
-0.44865701837572036,0.6853187842185902,-1.2665315852243926
-2.677672937436487,-0.44605756210995473,5.821857128491123
-0.4785297201396759,-2.520740375895966,-4.792364470543891
-3.502674898793259,0.18935561488851427,13.800780577999703
-1.6021886480034775,0.9416014490210651,1.658847735329338
0.41494163160917275,0.7678823216915243,0.4196246476709362
-2.8634254105111934,3.2390518950261207,-2.054758034002501
-1.4788993597784525,0.5842767602565857,0.01157827483869922
-0.004755435817809683,-3.3500707308729005,-11.814645637765997
3.514216111409384,-3.2686662146114314,1.940666587276283
3.552941024014207,1.9378194308442227,10.055777861270144
2.6262392208757737,3.260575568698359,-4.53283303341628
2.850861346938834,1.5476574613368586,6.8154298228537336
0.08445642297771805,1.6087870128734725,-1.9229723201711448
-1.5334370963593278,-2.4282920502079923,-3.674591486094471
-1.3852110240600108,3.4442484416640307,-10.3886972564749
2.606929891941239,0.5811847000429067,7.166248025375414
2.979718824990953,2.7639961549906227,1.9771505778152543
0.4517233353033703,0.8871400269313092,0.08071188364911841
0.7147316918842241,0.5648847397362129,0.8895994266963221
2.3327005272083596,3.052945855810849,-4.350720532354079
3.646358688554746,1.7230131917164453,10.18127559514259
1.4471180269548967,-3.2436985969375245,-8.445090953607016
0.9917739972962103,1.1257951650424811,0.0888616778095826
-3.1821708901063133,-2.8308022240968285,2.902447533422852
0.4904052035689688,-0.9498014868044491,-1.8418341723409102
3.528018436531152,-1.2345673057854718,11.314522976040136
2.948292616906831,3.364370900859525,-1.6290402942318511
-3.7071045607138196,-2.2816473804842925,8.260359050275511
-3.6084173654583385,-3.7020692907306882,-0.2338575409022668
1.627638262119417,-2.65123802198765,-4.061842841549129
1.020140046110333,3.9310171365622812,-13.837360528039353
3.0769772412988283,-1.4544316572851201,6.987168814033363
1.4453266976344743,-0.3552730986305752,0.29158010034165227
1.387883604806646,2.1385048555467323,-3.22397766049564
0.7517128730539522,-2.105631036243908,-5.964314202130238
3.282782232703787,3.770499424745145,-5.037520500565131
-0.2530628184185808,-3.364996532663854,-12.476615911153283
-3.052825993592047,2.3224550388569183,3.6098075084665107
0.0014713357635782742,2.506761682994025,-6.858829410310301
-2.036422686623869,-1.6288127355818025,1.13072390970439
-3.3045525458155183,3.7764389857190137,-3.321109023289518
-0.5434847834779664,-3.956675595883519,-16.01269533494787
-3.70451714366685,-0.7300912127671921,14.473866219626204
-2.3328989850036814,1.3479817491562702,1.9572330929024278
-3.8610705522777415,-2.0332027785761824,11.29874565980516
2.0545818326539598,3.032735135400416,-5.00996961914079
-3.7930693865834035,-2.2556561440114953,7.947630955518753
3.712458333902495,-3.327238728462482,2.0929838982356284
-2.3606359530954455,-0.06828162885845224,5.911894018145767
0.06241320645769477,-3.7999723317921603,-15.911724612747783
3.4210970830419978,-1.4685605305638578,9.73493898775866
-3.878200806016146,-3.5648681165277862,1.5223236688865225
0.8663849814134981,-3.3700122260664784,-11.518116646431233
3.6831116109903537,-2.6499663501917654,7.6906485497785315
-0.645329283604342,-3.0837819101134,-9.803369944850724
0.9769277456170133,2.8565332298692105,-6.774615650321255
2.549330106809756,-0.8747785358095292,6.232284859363526
-3.5881871692729073,-0.46854066325686183,13.806311902020607
1.1062982732209345,3.8485484997724555,-13.353191966545438
0.04502529319260962,-0.7583966854655682,-0.6728909017515342
0.05408200093787219,-0.9419655891966059,-1.1113684846911436
2.7682246325315365,0.16680699286571432,7.772067528772586
-0.3186742149760109,-3.4354219431201836,-11.653088021647438
-0.33343304795793927,1.1495074599204864,-2.3793204505697307
-1.500375735941148,-0.46882952174972825,1.5189267390336125
-1.5779693731230564,-2.97123872994821,-5.15796105215132
2.646347512924276,-3.480309439997437,-4.102581819627694
-2.207495500230861,-2.5867191360085364,-3.214109618961612
-0.9858550325551905,2.9407969527438125,-6.931389504225851
-1.6790115264023964,-0.6524662514653503,0.6206797004297024
2.357481523775716,-0.7248198083163748,5.020453757608165
-1.3914357898062866,-2.874619501201402,-7.4520273225857645
-1.6744378987158104,1.8653495800133877,-0.8185863749837237
3.581381488649561,0.907606161940965,10.221627577485073
2.267040127106637,1.1633096622551875,3.9973161651103832
3.177322010800334,-3.232679400521631,-0.016500598247009224
1.055645494526182,2.285688013892754,-5.419520722949704
0.9555326471165415,0.1408332450683325,1.3965568324919873
1.420574059472659,-0.8497745073422704,3.469016848595256
3.2472429344534195,-3.7337420651669673,-2.211243739092847
-2.967359975175942,-3.3728408833106363,-3.8268854337000944
1.9293735699049899,-0.113934506143889,4.357348777883409
-3.850717432289388,2.104912364046985,9.629816239141606
3.1716922289782845,0.2500690137584156,10.639449663412035
2.1342737235715257,-2.1818718640470225,-1.222907668016484
1.1136928455813155,-1.6593445859262541,-2.340432371644119
-0.38989008190994046,2.952636650520331,-7.57036894586138
-0.8310171972899028,2.3094066331571304,-4.916776406195088
-3.7874134170388807,0.8505866166272193,12.36943669974351
2.7099298217138807,-2.2786441815234877,1.1641979345228743
1.647646958189882,0.2538415519564907,1.899535906944102
2.079025155280619,0.853959341915159,1.9843183344520527
-3.910476139164124,-2.7704805556815524,7.178513254416487
-0.2337926885364663,-2.2920928332584705,-4.10693835935222
-2.2887628879324913,1.7972380427779262,3.1290799173565933
2.2077704432674112,0.11190386058530244,5.438283330048437
3.700131583809923,0.06755760011436074,16.046241907722454
3.661628080523146,3.484181992057965,1.2991448304899624
-3.2207048907267115,-2.969942228752159,1.7642386566323538
-1.4084978481777242,-3.387064581653913,-9.846697314548798
3.723962446416315,-1.2668609926821697,14.675514461654814
-0.5866128498611376,0.9517751110150856,-0.8646647175380642
-3.303529295289093,-3.044844613424374,2.3402173022458226
2.4299674313644015,-0.7101540978219738,3.8270850341513243
1.6062914166599276,-1.1076338169799076,2.896108955780233
0.40690013171416517,2.437293887339732,-4.959197984918603
3.9186191348916424,3.4275238776592944,4.794471200569283
3.304451749030793,0.41739260752807095,11.586864644339176
-0.5290479517241389,-2.402606476677449,-6.373230852804142
1.7868488826288669,1.9562373433647684,-1.5635725343980216
-3.145967916416277,3.9982252887949086,-9.215460848070752
-3.083148911353729,1.06561325992618,9.982344165088877
0.8762174747320239,3.2353558858685396,-10.011496200667073
-0.7792731430218458,-3.826659844306425,-14.425153943021726
-3.5092065752029242,-3.1137386540418692,2.766784762118079
-0.7820105825518935,-3.6083701182864214,-12.14471162725887
2.172364309561301,-0.24427031257384346,3.7045004955509846
-3.0338908440853043,-1.2455037424263926,6.455664192303095
-3.5119122672386363,-2.869657284214112,4.0852636144264975
2.428817078871867,3.185062973448999,-3.90149539433797
-0.5124713228328739,-1.907570387027035,-3.5167793300166204
-1.361650948535174,1.8429912962607835,-1.569007469840954
1.3955174407040944,2.359917497391119,-3.9925774119932216
-1.7523668649798463,-0.7266806606981415,2.1976880159579784
3.3779945225792885,0.8762864645016437,8.889844319509276
-1.69242570588706,-3.244331512384327,-7.5726322140874895
1.876842200950846,3.6765760688015545,-9.95422775796069
-0.8840098086691119,3.1597611392191167,-8.238395563394183
2.006432917177264,0.5564382499250122,4.054278497212848
2.3399542232782045,-3.1337114202011094,-3.3902423893029914
-1.359341152713398,-1.2547169140260204,0.8930919876271904
-2.3441134673908106,-3.089444525892489,-4.325622186518679
-2.9559079339989074,-3.934665402894473,-5.766678458514815
1.1006128326089533,0.41049448675422884,2.9923542804226937
-3.531156130031392,-1.8283227214644748,8.31993514357442
-3.814615224203738,1.0776138462978802,13.766375276198568
-2.107886071240059,-3.9215804981970397,-10.782455117979472
0.41068588161703357,-1.1393592953314533,-0.4457099179571028
-2.9577466938650527,-1.5443382062159898,5.942314383795231
3.233096347879467,-0.8103500099710725,9.135777948000833
-2.5548367358012136,-2.458771411586694,-0.6840571807560374
-2.636529331632328,0.27633682880115895,6.296550545137318
0.26090813227853893,-1.3368691758048499,-1.5214931567544183
-1.8246227990507355,1.1838904628228129,1.6655545055160006
2.2886735540578975,-1.07664563419873,5.0669151927977785
-2.215561882265038,-1.121165664349049,3.233256402461156
-0.8534503439185439,-0.6592607827536217,0.007931835304352874
3.8783046419428215,-3.641128592798543,1.752801443243357
1.747395175141011,-0.8510605874208981,2.248734774935641
2.5477079059305714,2.3066633451339458,1.7752917503174195
3.9184739567838465,1.7971567067931993,12.994231098333634
2.3135823852828743,-1.5616349972368786,0.25754782001327037
1.4874814521070867,-3.1699489444822264,-7.345134377049682
0.8637841188567803,1.9635341906440624,-3.81605411912884
2.845457047896172,3.906799834527348,-7.422341336943612
2.68722871596582,1.5864440633460815,4.470752034840372
1.012638454388389,0.5504525366105613,2.4371292548657504
-3.2795823509180826,0.8226588121611176,11.555194739033059
1.333373968324028,-3.0820632743392746,-6.924075344128852
3.4620514593005485,0.9785970419056733,10.62488777412076
-0.7096603701172679,2.853042278925998,-6.03841691253354
2.1407239654637227,-3.3494970722584174,-7.525398880703991
-3.179137545620754,-3.9114535382767386,-6.5490312699330575
-1.9063806339526197,-2.951958943361518,-6.115660504109959
-3.9375200424652705,0.26147728426675343,15.929016174376663
-1.751825403750285,3.569732830835224,-9.367954070870086
2.553740176433843,2.472801681537508,0.8538053752796937
-3.574850321010449,-1.894075796703536,8.196117709723964
-0.5574087198412716,-0.11276321261993782,0.9339890638977675
-2.1356725301862873,-0.3624947929243625,5.120598897690675
-2.0590163423093273,-3.8132293137823154,-8.724939226573655
3.1710142456563837,0.9400473948404082,7.556269185761247
-1.9795156120865798,-3.7400460559729325,-11.208921561480325
-3.2603333233033363,-0.9219046964603255,7.737946568509074
2.235590942252479,3.7926441707602567,-8.909150326209204
-2.244619403232192,-3.910311028600151,-9.162060773476526
2.2943781656810254,3.891351159317338,-8.705146905838403
3.38273401386094,3.885572975549212,-4.252451655142881
-0.7636940495372357,-3.6046352290573793,-10.894747128766587
1.321715322413576,2.1726143448492907,-3.656284950562859
2.5549971731807712,2.777997676176499,-1.0678822941110353
2.279951111942161,-3.233589850212641,-6.6299522441592185
0.9656705037528877,1.8749816296268325,-3.3217774433617833
-0.3115805150337927,2.6045061670070098,-6.596962935677464
-1.0896539703414607,1.2347971943268687,0.344554529658167
2.251885070395365,3.4535038111478427,-6.716730125893815
2.764236965623348,2.8911546387118072,-0.4649817340325504
-0.5934586921026268,-2.7366971894624372,-6.577989011895773
1.3825420776251605,-0.18682943770429805,2.2900826039917606
3.903432235940011,-2.014328114285399,10.881381228676398
-3.014592140022833,-0.6857008052800131,8.148297467827732
-2.2813018904024682,3.344487993212735,-5.886984316443897
1.7304719951889451,1.641411243794482,0.32076357259638977
2.9167638380720113,3.2382709757193817,-1.7061677677827878
-1.4126849045059293,2.278314183138919,-1.9227044247943326
-1.322725177923802,3.2788243232860577,-7.395526323099753
0.21394938653352913,3.407648594990886,-10.564301661120542
-0.9120845054454536,0.47480278804908416,0.432013990030088
2.1737015047843977,-3.637580154004433,-9.100467755974012
-0.5406087666088073,2.518271298214148,-5.181128983324662
-2.0298265225383583,-3.5681765183071255,-10.044211530704532
-2.603774737798802,2.9560240212216806,-1.8079950660318496
-2.961886121855102,-3.4291990397767904,-2.434334886845986
0.17230419210145875,-0.6458777602941517,-0.9124159828909064
-3.8208725991944785,1.831543269438285,10.116503628694261
1.6530937051119832,-1.3461959118887767,0.17058408046989515
-2.0412941224916326,-1.7547797729262395,-0.5097564457906552
-0.678417905444328,-1.0980922005775646,-1.3995395072671157
3.64152086990691,-1.4270268329922633,11.832621365167894
-3.2923420212367605,-1.9663850687953754,6.375818532861633
3.803526496706767,-3.012062419988144,3.689896019604194
0.678194915997639,-3.091070805735927,-8.996193648356208
-1.4672589203313287,-3.0145761983480295,-6.993697977128225
3.99212959740756,-1.9787689788337852,12.228495641017496
3.477922301480274,0.7685668287612115,9.805539754834246
-1.032308011841696,-2.7280392628588377,-5.30103952406548
-3.5419779835100504,-0.24155237359526716,14.7746004137677
-3.8217165434052616,-0.05306538565501473,15.21740751039509
-2.0299211045840666,1.9609547860910492,1.9690009778823174
-2.4571567880870298,3.364341012229115,-6.757502665753195
-1.2017709141841877,-1.1614478943991084,-0.07536749416387814
1.0549778327442842,3.898727655092083,-13.469784615846466
1.9349111409649202,-3.456224628654386,-9.34065061119052
-0.10297506029953762,0.7246337975261516,-2.22802598921643
-0.11767823285927737,2.7262831649677626,-8.335499319630287
-1.8532910225693495,0.37089863352559416,4.772912795430697
3.4198023137338893,-0.2500554074697181,11.899422425924083
1.8955546015717033,3.0810140916340405,-5.716769827199294
-3.5958529926679423,2.3227793922007747,7.529701078356516
3.9528678772979546,-0.8669865214314294,15.282631324027047
3.643590963007939,-2.517925914077048,6.306056258444602
1.0647078775180914,3.221547791722881,-6.884364346337392
-1.2099397355205088,2.017618057479921,-2.205505035759132
1.395083677109156,-0.6521410803301677,3.1498980003212127
-0.3075151648809902,3.7786206001807034,-16.059987938679143
-2.401918826599114,0.24842454090362853,6.068571989020547
2.0636924224891997,2.3828938817964325,-1.2731950628534199
0.8909291716665608,-0.47805945342775225,-0.27296658375375293
3.289148607586414,-3.3970144190773164,-0.568803834198827
1.426403731905248,0.012526175012825824,1.772610011573581
-0.43870311156156117,-3.9964995385335467,-15.804399231414019
-0.03546212210304578,1.749543045541607,-2.9745792254850967
0.8094977891711066,-3.669175732914412,-13.341632906264383
3.1330962065250354,-1.6724494654621322,7.347179888099149
0.9373691228319068,-3.1380036234850994,-8.752511477300946
1.1643930234039512,3.1827066679553466,-7.294848235363493
-2.6514933209503946,2.984132032149178,-2.8455877791789086
0.9917111182827565,3.1218908128288003,-9.049712745473663
-0.33885192715858814,2.6323927772679507,-6.530987498881534
2.3169911972508217,-1.0169842710231185,3.7057734147249497
1.6720332620073588,-1.123431119433473,3.2057429755274254
-1.6227330782221863,2.8597733520267665,-5.202212041266405
3.9583931009289657,-0.21364375420731818,17.377002844407738
0.9676483859737193,2.6774381278828576,-7.078702991905033
2.8639646619751096,2.8317040217685046,-0.5175052575897521
1.757649741802175,-3.1442677470375946,-6.5076382226871425
2.5458660585869577,-2.7093554903178605,-1.2021019053345796
0.5628148994168845,-3.748339288610408,-13.41249943626943
3.704446002707897,3.828163500955516,-1.2115624417850404
-0.7388982263579651,1.2172595977090248,-1.5461842079413528
3.0909990710243296,1.4381426683364875,7.169751942058296
2.918282622303411,-1.7751968683011299,4.911416112569313
3.1123824769924164,1.7850856324921596,6.953811661316475
-3.4205101337708523,1.9153929113626926,6.582511229583043
-1.6415758925729014,-0.6702937377024423,2.165308548414872
0.2818240972372301,2.83084781301221,-7.173873224578719
-2.576485983828749,0.6581376699861021,6.886301984808503
-3.101870334340286,-0.9746690819705224,8.781970947365942
-1.792507234546873,-3.502865942873145,-10.696210304015429
-3.8309767812672746,3.8846898100741525,-1.1191521557839206
2.785651625353795,-0.03722911289268982,7.104675946500056
-0.13297911034074072,2.5678181138077756,-6.991881655752185
0.20280654865703696,2.2162220415506555,-4.6036990912646205
-3.3085143849462275,1.968572198325278,7.0870564949051795
-3.283482349452526,0.3223293033487131,10.994126779113634
-0.4802092702038889,-2.2815364157965243,-5.024872422009427
-1.180216820152749,-3.0883551445916346,-9.163609106462829
-3.1401604028711194,0.6020113104416076,7.945824804919693
-0.036637784258550354,-0.32145149341481716,1.031964726200664
1.0111228617554975,-0.24156183054375546,1.021139328859087
1.3589429027692281,-0.5490973717414844,-0.20256950506619353
1.3989588013216787,-0.8099670796452276,-0.8133206121222081
3.8430211928419196,-0.9971395950823148,12.019007902916941
-1.7940401391864649,-1.6677753578977832,2.156084450331935
2.5058354737933097,1.3764751326266937,3.4582232528749404
-1.8979148685893312,3.637955366580764,-9.97489049906338
0.1369924786622292,-3.40090658004791,-11.306731886803965
-1.822766195925749,-2.8985426563359553,-4.907415363866444
-1.1714370650839108,2.032901815296329,-0.6672225087096484
2.6571257560432704,-2.6947493379572505,0.8702338234202143
-2.082551645527089,-1.551409402749556,2.087206556717546
-1.9957038587972855,2.6716767456822508,-2.5804562026080835
3.8167181947060778,-2.7012664120439993,7.740371264249623
-0.5195326709862256,1.4074588942816977,-2.50096242991276
-1.329893656004618,-1.195010587532682,-0.9691263677313684
-3.2534649118320367,2.112961383372876,4.826003955342061
-1.1398679357208996,-2.146461432254805,-1.0869207238982819
0.7714343904726224,3.468952810762472,-11.917073093290995
-3.8576519677961505,-2.2563222165077743,9.975634926918897
2.789014395083525,2.278133479256234,2.2090809538971823
-0.5731559399831623,0.34798921832324226,1.3641565009465046
0.9047883546414734,-0.6515366813236794,1.8850294493978492
3.086516906370038,-2.340667131043652,4.553867324537363
-0.05635814105355319,-2.5566677196016387,-6.773291697324155
-2.9328907289782613,-3.6525084820802016,-3.4808396338803105
-1.647355617271649,-2.295083697863393,-2.787804068866481
1.3272611057714165,-0.6368020487819797,2.2635564056708666
-1.1486100854087207,0.14434551409587382,2.7897125801127736
-1.2554238915625566,-0.46303515217673663,0.44325567110281217
3.506460326040604,1.9897480815096804,9.21270495705877
-2.4551851796234354,-2.39823706140787,-0.6322827261646731
0.949405875128372,-3.53219928064418,-12.251130393207038
3.4684432143124404,-3.084500471059898,2.6118299577179758
3.964513756516766,0.746087846954854,13.683704554489507
-2.030577354373226,-3.8391302539179994,-13.941945722271429
0.7569747379490428,0.530462133328566,-0.049965235795734864
-2.0012101379117517,1.3402627719763958,3.9764549382157464
2.006871215252761,-1.1296514770995651,4.051498433850142
-0.5796071131556779,-0.6038836037511954,-0.5748705036139106
2.485178266013566,-2.598095096277416,-1.2084815694840818
2.869605885907789,1.9973345984971784,4.547007342330016
2.780579768221453,3.808279165934092,-5.385392076107225
-0.6064810127306464,-1.8846997559590637,-2.131222873393557
-2.2628322208058256,-2.897782598801843,-3.5320228058117307
-3.6224861312130647,-1.6364561670756403,10.57886435393586
1.2493252419140397,1.9934938954654333,-2.189105049349057
0.38952272853890424,3.045268313232979,-7.03641067965909
-2.8833910886940997,2.804199136282149,-0.23817162049802765
2.074703350913799,2.6350350038395636,-4.2693284424219575
-3.5131536742312113,2.3097245375079174,6.826374003745126
-1.184426595595789,-2.783828946385418,-5.5522175351937175
0.027882249183717178,-1.7895245623913514,-1.4778895248629087
1.9146536483174579,0.4714638578052037,4.168408814085718
-0.4456284189055282,-1.2202468463210296,-1.8472990999820904
-1.0922505588531202,-1.8228692864092153,-2.7999910719759327
-1.7421414632634757,2.5784768253812116,-4.600149684062453
1.8750302933642766,-1.209523104252236,0.8291441335199821
0.20040190983413542,1.0833952101514255,-1.9540240541563514
3.741317335194565,-3.33485948618313,4.387780974578613
2.745373729735248,-1.4441340896952086,4.408388334952874
3.471774842391068,-2.7274145011816904,5.452689060483494
0.31928242031000753,-1.7617287590845407,-0.8491986851745099
-1.394238761337605,-1.772970455111694,-1.3117759579166504
1.1349166006879248,2.714951752067961,-6.054969733116745
-2.6545773784233937,-1.6878264984828704,4.41427394635609
3.607160681642913,3.023996145776496,2.9969850591116485
-1.9971957619306373,3.4335022841784433,-7.258783631460889
3.8385750726327608,2.2862001665769327,7.775914109586998
3.7339747141342023,-1.914481300144466,9.766436782165817
0.16866049082965784,1.914566905013035,-4.0602375903695425
-0.23019609852678435,-3.751172411771167,-12.257027519447242
-0.9606031686861991,2.7200984865505253,-4.954397829596614
-0.8801620023358145,-0.930987030961127,1.704210513017752
-0.869053996766163,1.3626501443672092,-1.4104309288783008
1.2054243246123946,-2.673369918305842,-5.5816007657766855
-2.7910920136336292,-3.941056080304765,-7.8929559045390105
3.7100259971600824,1.252790907358218,11.956140770439875
2.7613645658465504,1.8068780685834591,4.686673598491478
1.3677874661767557,1.7291522186555062,-0.9036445153593836
-0.7836031451563086,3.8845724485568143,-15.218419562632185
0.6438772466434681,-3.4975953693459925,-12.101110605630225
-1.2390446020141832,-1.3610310930389442,1.79881815326981
2.5782247490975987,-2.0317012264828884,1.6727319068910973
0.9120318644820289,1.217476048623145,-0.5525520089501512
0.36269491330239667,2.333948703483081,-6.748170914402529
3.077031199166103,-0.7154147124861359,9.59787849971349
-1.1360094893877166,0.45625389933675553,2.224983974421961
-0.8216605849250298,2.3304786936933697,-5.8328384249213014
-3.706949035694346,-1.3784359377298925,12.548666740616907
-1.4585586565304745,-0.35223483813940426,1.541328135506661
2.773903849281651,2.0706212026503747,2.5875447441446235
-1.288791242171599,1.076841210841689,-0.08652440080306589
2.1999820980026223,1.2072944951697,1.905641712339746
0.9307057434669552,1.1167398725293465,-1.1914648567919577
-0.5658957747112696,2.7491313066640846,-8.815282490626226
-1.7063604705049347,2.8304031874692255,-5.475379774300652
3.9830766464221696,-0.35417496397511883,15.54796857054984
-3.1370680657001344,-3.662974235812195,-3.258556069169272
1.8227090801076953,-1.7474816602126717,0.4367319104418761
-2.6910487611891796,-1.4691842492578644,3.8879087645731527
-2.4016221492874,-1.4638379480871473,1.728802628367542
-0.18281308546347308,1.2650838455197775,-1.16716495207963
0.7955055685664991,1.4911536245343235,0.9086102667993128
2.041182091843364,0.24338800371429947,4.363973168167982
-2.4231871944527033,3.850527702246347,-7.381913466520624
2.0969781068725366,0.2904201902253396,7.363701964906361
-0.4217607013268214,-2.8853272999587123,-8.226894474699126
3.4158775144369846,3.898138232822996,-4.313853873337689
-1.09986084170838,1.589731036510722,-0.4542462184069459
-0.21929647797585172,1.5132654670767325,-2.8024649426467887
-3.4875268148334273,-0.9421458070087247,11.17348316404736
-2.4952721377803178,1.0474839305719064,4.458567136201381
2.5897707166092765,3.305057137858272,-3.561172711361093
2.3892512008156013,3.2005915760819486,-4.405349310924374
-1.8747381714104732,2.3850973826063617,-1.9240874247784059
1.8858385716188852,-3.866168874746206,-11.825710534820304
-1.580488052641087,-2.297548539701191,-1.7836979866586045
-3.2856796781820004,2.668731194921831,3.758366718427345
0.7412847255062003,-0.10238077384145594,0.7459577039265941
0.2137607590600119,-2.051090277531763,-4.157993622806051
0.8881060509650833,-0.6629442850527099,1.3505073650570305
-0.860392396822113,-1.836999035197734,-3.3252633153696367
1.718223007344899,-2.9759054945704584,-5.954272362323518
-1.7242977470535932,-0.6168211776467905,2.0034540036523634
1.7766695197890332,-0.4973077671778636,2.2330037042965136
-2.646902199615564,1.7551634305253803,3.7105984000495416
-3.960494486338294,1.2671448198514819,13.814614587050206
0.48486537821895137,-1.9231699982612476,-1.9239282136160385
-3.7052136453914537,-2.4708516844543027,7.4285197879083595
0.8938272037292068,-1.6407627005578789,-3.404809682813838
-0.4135838125575786,-0.34042488671162463,1.8039509381445935
-3.1390520977390493,1.7713128689255901,8.473993729112065
2.232296441567512,3.7864973643700024,-8.333709497628426
1.2569035148649146,0.8102529790299275,2.1011579593210143
-3.7495417583250488,-3.7188313459824505,-1.121946616608466
2.5550600081055075,1.6586627135250485,3.3888000608677267
-2.8028641130239382,-3.6713922868513214,-3.830714300401288
-2.1651220454611826,-0.4624921750108255,5.498548161888673
2.0023005277965282,3.349360652678241,-8.309325420291934
-3.359347871656981,2.7974309381733757,4.83525441725383
-3.341594866487707,-2.460566304878875,5.042389642804661
0.7610802187298473,-0.9754543881537661,0.09828242638111861
-0.4379808857621068,-1.0044306171793398,-1.282549438828802
2.134024043925992,1.4261992677077941,1.8190575723821614
2.656523382393333,-1.8183688691067106,4.6627184503677395
-3.719061040279998,-0.306723098839524,14.588142338182791
0.7845288451243979,0.11439132179585165,-3.3660165949065046
-2.6448164880202354,3.1924938173200728,-2.9389226801649446
-1.9752921068348188,-3.241378725945353,-7.43375712245503
2.8462708053624475,-2.5169492828216384,2.441239647030574
-3.473221511073831,-0.8958986392306665,12.520753006718435
-2.3074812758496472,1.2137680443335643,1.9981814974984655
-2.4192532983657467,0.5038510137840637,5.969011143636633
3.2286593832743646,2.341695926787522,6.27930983732002
0.5027618027048968,-2.81298184655944,-5.062441698488533
1.6699984403693815,2.5840899133183095,-4.619851407737627
-1.8159937554044676,2.249392642988777,-1.5436518103221717
-0.21747648284855003,-2.754855516278612,-7.400078660560924
0.8650664472652974,-2.654864336099391,-6.746165193095121
-0.3007823503736802,-1.6743437278814461,-3.2457895983843716
3.891501300886822,-2.052211796915347,9.291066766569134
-0.46567539845396766,-3.9318812208023486,-16.384332392355653
-3.055604865994283,2.304244182218893,5.4777953501829195
0.5615469722616986,-3.1993540180876767,-11.645034137355008
-1.752016888728849,-3.1776924371766206,-6.587020876659181
0.8968114580393154,-0.643017508162405,0.42858758674549907
3.1658485674838657,2.434456150647324,5.443743949207112
2.4000774904790996,0.19087803477915521,5.598353118345234
-3.1942940614201234,2.214792072050777,4.568663284561975
1.8116901535643812,-0.08896511110785621,3.089727714915812
-2.298992119420408,-3.7963901165497385,-9.492060902500473
-2.695470086908556,-0.26055588050449696,7.259414159981364
-0.25744095432636893,-3.2659431053257526,-10.95175956684038
1.3748736316661025,0.3592841792103165,1.1256515239388096
-0.8006065263778046,2.6359053723003507,-5.7021107348432905
-1.5955270184060026,2.7492481142665284,-4.645038615312703
-2.880148071566918,3.2090906130982733,-1.531421381432787
-2.8948615427084743,0.7575877715302433,7.034178400456746
2.492816214036747,-3.3808428798139847,-3.5499092501220346
3.7129028075582218,-3.608568744373547,-0.3069307082032513
3.9764393772418973,-0.6653584096565126,15.811188826364067
-0.07654962699547241,0.5153060298813346,0.13688041189258066
-2.651671935454492,-0.8340733011343788,7.582929177738673
0.7614902598769415,1.2807005995183118,-1.018852648637427
-0.6876757552368948,-1.2982461601529218,-2.6252752126771277
-1.9338467721316936,1.355846592697012,1.7977704259366691
3.485613954286749,1.8667749479256734,9.363868072385344
-2.7793994813775624,0.16015284376821626,7.796779742806297
3.002997296848897,-1.088822463290616,7.123734791506748
2.5222838312896245,3.6272060249435887,-6.782240746918129
3.217795285886268,1.1041539793586361,8.84681953684028
3.490962739849442,-3.907131103254323,-2.206116338366534
1.9880161753160523,3.459998448309115,-6.623885297469737
-2.020835865134588,1.243392769427122,2.6613671751026393
-0.6686772792035338,2.1549946586858324,-5.103715438177518
3.356736993520589,2.1198572020273874,6.176343921355618
2.372342889683786,-0.6411199499250984,5.0459446612816805
-3.2290879942351927,-3.106756645498013,2.5770330594241937
3.8176595006995537,-1.294574221263323,11.758603036342087
2.4429734524799205,-2.6855393334519313,-1.206949574563423
0.8236449449783079,-0.8738617632814067,-0.8937470348523988
-2.7158556961668054,2.499565973625743,1.6554419086872239
-0.7477059469160974,-0.14821871463363756,-1.0619578215725012
2.253584714981958,3.913549078380652,-9.896830973275096
3.9845544460054096,-3.548415852424834,3.178216935239378
3.4605684757070554,0.17010430644481733,11.477601437435077
0.8036301448372241,-3.134090170005586,-10.26826108919867
2.263040775396421,-0.23799396865663436,6.375984555977689
-3.357731218357725,-1.7368008192150217,9.553277575806376
-1.5019630908022288,-0.3772106319042239,2.472958750313894
-1.0767680639490749,3.0135700913939356,-7.381749461173776
-0.44761226656241604,3.9642494911591726,-16.46023200736828
-1.0996330958338643,-2.0398895547073836,-3.4018357053274872
0.8763912774642701,-2.012742679842332,-3.783477732896023
-0.3507281823192985,2.015509079208546,-4.481502966251915
-1.314507580839666,0.7129143610583544,1.52280279523339
3.7433423327759705,-0.6909501684895041,12.48851520827456
3.4985295940380494,0.7752303023014528,11.754996793409365
0.09782149758028513,-1.763615762677948,-3.760942405926656
-3.672159121596791,-1.9852830082871042,10.49935474172695
-3.7227561858744265,-0.27406881043219133,13.570767637408476
-0.4373778973319382,2.1004536760945642,-5.772104522506281
3.482498862790158,2.8424479432616785,3.429981633397165
2.960497665301519,-2.399477978703202,2.6540784592673985
-3.510041743265287,-3.8082886518429264,-3.1113274082204097
-1.897377502863014,0.32432278549881755,3.3854520574943265
-1.1463798595368573,1.016002036448513,-1.6995145911614402
1.4225464259261908,-2.6708703397088716,-5.835958176002572
-0.9809796971129252,-1.222589805839303,-0.41528647188872436
0.65342221347482,-2.3066812755418056,-3.5589495702027856
1.2765732785083799,-3.1985132513839805,-9.552277875411207
1.9234338037673258,-0.5430622128734823,1.407949542398259
0.3285628715534461,0.5044740240948746,-0.8057229190739961
-1.2501307496926346,1.090647985711974,-0.1580147937551326
2.8321300458838774,-2.197060205658122,4.649610001446833
3.4667521370320644,2.3091697070234662,6.348677033302341
1.3729689280809332,3.0240856853112534,-5.723673397107934
2.0258925466782607,-3.1239123597233833,-4.307832540751868
-3.819777990986484,2.443521710449634,8.526821716465712
1.2689247797056078,3.6628953714554466,-12.030131345557619
-1.661846431037758,0.8827631652990977,0.45539738123488793
2.3526311928647363,3.332445585248381,-6.4176071211915175
-2.494681515760056,0.8096193609856872,4.090539364921744
-1.4674056767187045,-2.766142193734285,-5.299984628131123
1.619958697442197,3.2802893473286847,-11.270334572169062
-3.1349398393646544,2.5107355823150304,3.5343951015291912
3.9641206902289507,-1.9838968403390496,10.250023013048787
-1.3836538212942893,2.625830252588047,-5.007806179364071
2.142291943470716,1.6320136502011602,2.2924082542936954
-2.8394203636143995,-1.119079203402448,6.613432538269916
0.31725170919891976,-3.9800453229282784,-14.481070348752201
-3.377450879081847,0.07945994874636408,10.808996717266163
-2.0949677027292433,-3.938758882766545,-10.376397824142504
-1.6749083230003023,0.2886105870683444,1.9744275186940197
2.835805703884132,-2.908130822477749,-2.0169597255718603
2.5563218549873863,1.772655693525687,3.1591393786044275
-1.3979936413414906,-0.08925209559796521,1.8303142835988937
-1.6416356719094116,-3.1364522926150835,-5.606585154852551
3.52227688648619,-3.6119847868643653,-0.7730779664988281
-0.8702440981564354,-1.8666880841488078,-2.058641005157811
-3.004490925730467,-3.905053482641118,-5.9320011682638185
-1.6395799059253306,1.5428452205940042,2.0945285420516058
-1.121160052385311,0.053929351419940375,2.1452594273143215
0.7735225352193114,-1.707582775636527,-1.5706510791144352
1.8841490669593437,1.5308836462211382,3.580192019712534
-0.3212911839648269,-0.8664585716668212,-0.0748753312386321
0.33198019074995955,-2.516289810770804,-7.509492278948969
-2.7544484837776047,0.625133090382608,7.868784310889567
2.3240974280236273,3.4029944058031045,-7.122031580281111
-2.7230212374634464,1.316171540498626,7.43402567332598
2.3958460746963484,2.3218068425803358,0.32222531451794306
-1.1769461685338527,1.5418728571558207,-1.258909445907895
2.133668400048845,-3.475117559424735,-8.078313456390239
1.0842848104350518,1.5843087160171105,-2.388634293371111
-3.54514003159931,-3.2054307683955363,0.8516631879543279
0.37987205673302604,-2.919643257957743,-9.26620182575511
0.6999860472844883,-0.7983999621623816,0.24985102103641055
-0.3616555924040332,0.386867976830219,0.8921898917509231
-3.1018370681011707,-3.498347779683777,-3.656319753205733
-0.29231356136279896,0.9407991440187535,0.32238261768325505
3.4622633925671797,-3.559906093989227,-1.525789546821518
-2.7300855696719335,1.4164577218373928,5.569815011458461
-2.0174364155787714,3.4306732865080223,-6.71314156257108
-2.5805674053568293,2.2974443320589817,1.5324775632310934
-2.526461518490759,1.1531671538123431,6.527430018345653
-0.9009972909003006,2.623028474022803,-4.620437249706894
2.927079953345789,-0.3679943882127805,8.309222222861505
1.5217217252226405,0.6470790781653246,2.326036887241894
3.389030987793296,-3.4885844116386817,-3.0168288701633696
-1.7080885776423038,1.677297115202463,-1.0153621590594943
3.8315242910766116,2.057848141595323,11.0949881786324
1.0786715123427912,-2.11622679760839,-2.124354608055019
1.092300738640974,-3.1153006170481836,-8.744713298299652
-1.0619566707326502,-2.5890277136207835,-4.282628147537297
-0.856426545421904,2.717576689291052,-7.35861270625479
0.5517109755328002,-0.16048749471445056,-0.5975582513721851
-3.1550019634025146,-0.7698933357408402,9.74595743275807
-0.9925939647000375,-3.8165089454261567,-12.126423506091188
2.9216126944631693,-2.016152407323011,4.756499950803324
0.6369280030305049,2.649186306444772,-6.111112723312522
-3.6799057737203817,2.0524856907256455,9.631999178014041
0.0966883257954505,-1.9998688175670836,-4.320824982228462
-3.303690830462772,-1.5062791786851202,8.068913853201803
-0.36812097336945726,0.0787952571054591,-0.10344443722729735
0.7351486286223272,-3.2558494551082315,-11.135662870921573
-1.46938463103967,-3.8201909903724403,-13.452060466099635
3.057444992200912,1.1386933046114187,7.231394078630199
3.166576227397317,-1.9256338529482289,6.696009660676239
-0.32780926682025413,-3.402732364426373,-11.824238614105354
-0.7133870641988507,1.8847848242810281,-4.986482313651455
-2.9434815115371897,1.061596809884425,6.76584663676668
-0.4849787767679752,3.565849513149047,-12.086409127285506
0.34785296466794424,-1.2223848480622577,-0.20336443595003417
2.5454010444589406,-2.751789457290939,-2.089430225321148
-2.882008235754159,3.9455401481953762,-5.858353960890549
2.5653852138908144,2.076035884020662,3.408452738001782
-1.9121932507745605,-3.9325358947309264,-12.240848496087379
-3.416353899821104,-1.4552806645879501,10.339724587659576
3.732947990026565,0.0595245412181038,12.353351215872632
-3.688802500897019,-0.27936711895134536,13.542818015224823
2.4963388816838794,2.1004268282525462,1.9084770388818284
0.177880327149059,2.4690016770018346,-5.6412895261307385
2.669413159046469,0.6175690624163499,6.8182306558550305
1.430225373384629,-1.1583864828554233,0.47416137097802374
0.132680555292505,-3.3184088746219667,-10.920662156398173
-3.767042715642982,2.614260655310747,8.424998058386814
2.6555809548858678,-1.684799599839244,2.8749796187044456
-1.7779492277047266,-2.9089874386637744,-5.380876229275042
-0.34992348849123367,-3.0144166016079375,-9.023860312701713
1.4798813159808786,-2.1770787987810785,-2.0520874440608887
-3.0376438279476643,-3.9684481920160426,-8.491402821570613
-0.7920157641331764,-0.4174102648192042,-0.3209357914796904
-2.7309866742007616,-3.708848924308019,-6.465146950859019
0.19320125078322103,-3.613501635330506,-13.404609549458142
-2.802650102300956,-0.30557550049875815,8.660326745455691
-3.0755641191714638,-1.0331276283622959,8.329466378545293
-0.1945131285617716,2.8363363449145735,-8.79324830608948
3.9584256262904676,-0.3307058175526434,15.100253280553675
1.4178861059080798,0.3104384669292566,1.4489705291474195
3.68745899431707,-2.8591643204360118,6.614575092295349
-3.8253853355626184,-1.4122605932292505,12.314357138215648
-0.928523334791163,3.522730676353266,-12.907573287248791
-1.82460829538043,-0.4725612554561227,4.869568948649037
-2.192686974674288,-0.7991502103859096,2.455037862531686
0.4982549695793024,2.3789541910801484,-4.702260919717504
3.470038650840423,1.114709922011583,11.72779200672832
-3.636363387415253,-1.0126887719671247,10.76005854641037
1.0425120836486954,-1.2134410823828272,-0.8005530101933849
2.8512208856645582,0.31499146321695903,7.753307974793179
-0.26624378832970663,-2.3318198253021647,-5.797653299612328
1.9471298896796485,3.863818194625507,-9.626009579661366
3.159569603405618,-0.18598973909576433,9.967180989290203
-1.1386260735219782,1.0951228120993655,0.3364362079931503
-1.2604183517567344,-2.967626458746058,-8.199969266389083
-3.5337853635639416,2.2600116401176304,9.624063099400601
-3.965967213239466,-0.29858367017033327,16.066476139272932
1.1308451960073143,-3.8835389687477146,-14.34477739520888
3.240054613055352,-2.086528140333357,5.930653423208639
-2.0542587085521697,-2.66651113988374,-3.745173573953466
-2.211889745031762,-0.6789930926520444,4.514858978594373
-1.726863998191857,-1.5769492014215105,-0.21936798295688975
-0.1047334285788688,-1.0981562067364274,-1.237788613231346
1.095440966489016,-0.7037351803993275,-0.15561642590611424
3.639300213565188,2.9089338534099447,5.435330930356702
-3.530158687689519,3.437598089265638,2.2293291930108827
3.5151218010782808,-2.9482149215285167,0.81325104619002
2.614194703851484,1.7694185765017236,5.574268571235887
-3.1990700469842697,-1.0685627206380222,9.872074242186677
2.171222159445584,1.668992442312673,1.1804972835371772
0.6047283166599398,-0.9229118835619357,1.1317644151249717
-2.7188645017539006,2.8462249005072673,1.4584946946608612
-1.8777251191631583,3.1850435127019106,-7.050540997795556
3.5183632232979063,0.07624986145843149,11.820605680489074
-0.22628234599996322,-3.94643988927797,-16.87158907301101
2.608087301218151,-2.8302241345689474,-1.8317105422930056
0.7746299914760337,-3.3619991397673763,-11.651615249116961
3.679641488001532,-0.5396025137784459,14.920134927997408
3.4355344409827797,-0.10342798428259847,13.450834742813095
3.418715377115988,-0.7988621345914275,10.646252269127485
0.30712744787673074,3.3761561317411886,-12.39200233012728
-2.3092824783788277,0.011305195518549915,5.527856415811601
-2.2896230509774194,-1.56572772889254,3.72521304621342
-2.41737023990321,-3.845486788009419,-7.704178956578003
3.173773574363536,-2.870196278323114,1.1927911606779027
-3.855300996371607,-3.7507879843872622,1.4719083152550527
-2.8761180175280137,-3.9163171523770544,-8.180791569504754
0.3506073708979107,-3.353553282630929,-11.170415759598908
-1.1046654146358463,-0.9940961869475631,0.13161925973801036
0.7300200107401622,-3.6039633637018857,-12.303784635768675
3.208346821378547,-1.310478074129712,8.948869218543269
-2.905017059752799,1.4827038772434147,8.001933352583197
-0.7506311525110938,-1.3258173039616032,-1.156917019540327
-0.05254455547497017,0.5261098428915503,-1.9526343734129974
-1.773544107367531,3.9196452102934565,-11.076406995699173
-3.2489994756312743,2.9704060795791953,2.527617989806864
0.294918303572854,-2.2291811720692154,-4.47468802027197
1.8996720719584124,0.8617068955010287,2.6175616926705545
-1.4428726511091616,3.1185199126032392,-7.805066027015624
0.7277791040706294,0.5509174747943586,-0.3727309759668434
-3.9017594308295855,1.3620163828814746,13.448849697940956
-1.4242279075775857,1.4190018877775277,0.5322498507618809
0.8801138676217191,-2.594454865744672,-5.050764368224934
-1.8459047878870338,-3.6175594783085447,-8.856019214377085
3.517661944249351,3.5911041281985385,-0.04162838362502186
0.009973252000543553,-1.051961688849918,-2.0873414972754554
0.7994351052315904,2.1200688149451743,-4.013594611074783
-1.8308323718938064,-0.9916526467255533,0.7618767032429596
3.0096479680575507,2.1048956132735084,4.326140163918534
-2.372079617338988,-1.7685977767352643,2.0873570232683725
-3.2408805049985308,-0.4722859496389056,10.120542193033742
3.1074822087569274,1.253948298790915,7.914451067826982
1.4419070979325612,-1.8134643726061643,-0.7210628387038249
3.8870223923239218,-1.0168738381319535,14.347726050851032
-1.5390591605689004,-2.4500830998248446,-3.835017251937139
0.41013362820762556,2.8354794513463295,-9.650442693476919
-2.1939806877594368,-1.9722674566727836,0.9609967998256328
-2.2731576194246763,2.931215076390444,-3.1610083467046626
-0.6046448594466565,-3.792269842377875,-13.603185694772394
-2.5651693825573467,-2.105083859645112,1.4333210966018957
-1.6352436667657644,-2.4324725258976807,-5.349828173882756
0.6061127005797102,0.9643466043752884,-0.6000878187499405
1.762641391702747,2.1229648906258713,-0.4653980317129437
2.7120018668619412,-1.0529497818441014,6.4074634728868105
-3.386066794295963,-2.3666002840420868,4.5801466078652435
3.280563950377841,0.7415675516505225,10.657880700851765
-2.888266718275431,0.45482358228707476,7.728867136794116
1.498189934172653,-2.4591486306692136,-4.212646095726203
-0.9325126423458432,1.3062032191839688,-0.43101787284696524
-3.4344900841517516,1.0948579330466588,11.090166321816392
-3.1935334457314255,-1.7333098679590364,7.996082556531319
3.057172274185241,3.638351481597266,-4.502989218271884
-1.3675965833035804,3.2845191145867627,-7.684617785370595
3.3860294055049494,3.8581501801938494,-2.267416837193408
3.757988583153314,-2.0160752319156625,9.319919939715433
0.08914634680896416,-2.849283006066913,-9.312463148158884
1.711379739411087,-0.07214848259998075,2.641945056297076
-1.1260620384568707,2.026742066406478,-3.28238614900639
0.5007861135242626,-1.0456046003345785,-0.8949295164925579
1.4162035442586403,-3.8188811791001642,-10.168016203414213
-0.45668933790579924,-1.005622198972894,0.46163657552206716
1.2165453520526635,-0.10503157809721042,3.3375749651266036
-2.9752910181407346,-0.4795868734823481,9.02196105941025
-1.2083823657244386,-3.1634463452710806,-9.538529851164798
0.29032876488813564,-3.919850763449179,-16.752643245775182
-3.1628361025360263,1.2707884968277812,6.36059066638908
3.176610583356391,0.15203542132095826,9.12451008817778
-1.8462546831545215,-2.951627202133606,-6.769421942575858
1.0585911297967163,-1.2328434253180793,-0.3988607154552091
1.524806260423337,1.1195900614322927,-0.08461531261595234
-1.3712364636456993,0.25003264381264145,3.7989810128250148
2.320946975220873,-2.418135769439891,-0.9095906946683237
-0.6767721902384016,0.8725565211183639,-0.5079575017957718
2.0176629383057634,0.020337475823394513,4.273311911909252
-1.4477526945810828,-0.12342449086945173,2.527081100265036
-0.0034994627440632087,-1.3340048959788389,-1.6046317749105603
-1.3803163572919201,-1.9254386696896608,-1.8986858503688637
-1.4580519210970833,0.8501289693138636,1.323765469229619
0.3319140170534949,-3.423603005836129,-13.556193666537167
0.14629042307206408,3.078442235780363,-8.844005101860303
-0.8524558472871542,-0.9743739535327132,-0.7598549273821585
1.2858119743075793,2.358697253589847,-3.6313897584809616
-1.4306080501651373,0.5191565501598685,2.8174172816458722
0.906864745548166,1.303707213349604,-1.739576530201599
1.5639879891419879,3.505497663592675,-9.84816384829899
3.829601074110773,-2.807455410873282,6.6537736240250815
0.4577121947683791,1.0712372006201347,-1.3811572012059912
-3.6058647999618882,3.925589640992997,-3.3333193581615306
0.5413722742963936,-2.811428816562352,-9.054557938634176
2.4226345986024116,-2.509826502320619,-0.10891702813321402
2.938433662533436,-2.9360450273562106,0.8172376620409201
0.1902770658330457,-2.386177265399273,-4.553677887524188
-0.7503149023066662,-2.3070224520959535,-6.4004216517438195
-3.344311208972642,-3.6476271200370025,-3.5751684671511352
0.7681010409762106,-1.6532918237848344,-1.862333572861695
2.4084649080875256,-0.2610529479737975,3.7438394872306677
3.2403480270357203,-1.2753788952036427,9.282565000662556
-1.240614795721065,-0.6252795495185159,1.3872170786000129
2.728682918042561,-2.1693427015542124,2.2021766610777602
1.355005034607145,1.2225758502013422,2.023716815657602
0.8643650964761074,1.0034514526605056,-0.3211621522417938
-0.368110832293457,3.9082137096325216,-15.732239718260258
-3.014920102765543,-0.4930555220864292,9.554662158549602
-0.5424519889400754,-0.11949236409791197,0.980290204944581
2.923082402887803,3.098912341909025,-1.3877862128182816
-0.9151476224887682,-2.290604040463312,-5.241840612720294
-3.769739512235299,1.5382608483382532,10.698120361867888
3.4408439763319416,2.148130582358842,5.814174530566955
3.8581450974277836,-1.4718613097685918,11.56096578048992
-3.177517994585502,-3.1444856856785224,-0.8850638468188148
-1.9546993127984997,-2.6110853371708345,-2.0268809425019603
3.4986769593259694,-1.9647107727511504,8.401573550575936
0.5321961927171941,-1.3860081176782737,-2.0905805164583415
3.43052864205354,-3.4785489892297115,0.21860106146864322
-2.8009721704379187,-1.069209818723504,6.964107189643008
3.5507013228876767,1.0273842604887289,12.991564454354632
2.785342452795695,0.733902876446181,7.121931410211985
0.9484524037779778,2.841376616953246,-6.902131089223179
2.148148208243435,1.0605241404991812,4.770203266163937
-0.13393557980067783,0.5782472107529486,-0.1315880292112737
-2.085411396927925,-3.3152455398652085,-7.725386203497531
0.8717401678732397,-3.03078895978424,-5.5243268110230765
1.4601934683644755,1.7980958536161404,-1.6773325402296009
2.417226139971916,3.529362128173319,-6.5720549624145495
-2.832074545608794,0.17018590005390877,7.917344077607735
-1.6917569498393297,0.6404776126311624,2.0345500961163934
-0.976114491947806,-2.388940786572557,-3.745510629367393
-1.862798249444805,-2.1167285104808293,-1.5838313245743247
-3.0701528030372565,-2.020430713454907,5.018498639529634
-2.194619245691559,-1.8371966878768804,1.6000570657572164
0.4013201882433606,0.44953285520358754,1.2092649828064392
-3.6913937946682225,2.2136343641929814,8.60334843478269
3.740070422172246,3.104083228712155,3.745140250238575
-1.8333549157954119,0.9029874380645087,4.730650946848048
2.0210897126107286,-0.41471838533690164,3.1134105435201436
-1.4995515443659562,2.080461320310878,-1.4912064140935894
-1.6374655607873887,0.15873370447666435,2.952898671213584
3.5547702383158137,1.7890711242064636,10.694205080577316
-0.7044555430831574,3.861986540603838,-14.389116131640607
-2.6785794056470618,-3.647827785781068,-6.615981035590193
-0.32825086347342225,1.9748452721410876,-5.015909969958022
2.079356435718922,1.719871009081709,2.529326149069469
2.3161814496668116,-1.8598093423241648,2.05951595227508
0.8985013383984892,-2.787649327127281,-7.6100605102495
3.4199095007297133,1.7906788295897123,8.946035827155734
2.5919846957798987,3.8559933472656214,-7.548488024055487
1.5756389001197624,1.2095554630238468,1.1889200160011155
2.845434597739837,-0.6176975009993741,5.420505743472477
-0.8592795161745173,-2.6357666883325157,-4.750720602426825
-2.1671284602767633,-0.4225059384980856,3.92001242479456
1.373582711525203,0.6599590518983645,1.0947532654448444
0.28802058865705593,-2.658429089674031,-7.813542858804888
1.3012612917850026,-3.137937854222411,-8.347767198837786
2.994935251158946,-0.5301687005352909,8.345917562271717
0.474461950151599,-1.3862748144192114,-1.6414534336298334
-0.528433919729367,-0.6209516001675466,-1.525896531050027
-2.942800909121721,2.6137602498276458,1.4221347534865765
-1.5342751042525737,-3.142980407246374,-7.442262288154041
-1.441289155388687,1.4697776195328887,1.407735615815857
-3.9738152718321063,3.7722422253654297,1.6977888382368977
2.777638987724238,3.753001175554684,-6.017050819580524
3.1541009510598528,1.7481405658644924,8.376650493446975
1.7689618967336473,3.3477774851574367,-9.526275535571381
0.2607349351481414,1.4094683956409568,-1.262724814528278
2.635440785404426,-2.8318896392067154,-1.4425006570367245
3.170000699230399,3.1656507467935633,1.83307929338506
-3.474654729297484,0.8145638989808859,10.720436456337572
-0.9211789766603609,-3.978482023206875,-13.622059240699686
3.9030556632552607,2.148551119190806,10.477285145836703
3.3772215453243275,3.530447731828742,-3.1108273867753216
3.049313418562437,-0.369818537099575,9.689712700245883
-2.012106654801971,3.8214162638935125,-10.902157668914997
-1.4681983339825662,-2.4876512908310993,-4.23193878692215
1.3285524463364666,1.7728952643926714,-2.643083245900114
1.2605075057659967,-2.7311573094968997,-6.89391379602276
3.298688193154975,1.3508058161369032,8.816279105801176
0.31562361274266504,-1.3136197576073014,-2.317447900659408
-1.233437505681648,-2.9178776640116535,-6.191493985291223
1.7391844836940482,2.1460403175791853,-1.4188276647295437
-1.2438622638210148,-0.3410038977843284,1.3752628685201798
-0.9591248023368415,-0.21711776406427408,-0.049668317492995384
-0.19686272882120637,-3.938726749547068,-17.251006738979477
-3.6222402557403504,-0.7526953966037482,10.339261021047744
-0.7942679053011616,0.7172573814583245,0.33207174211217133
0.2481020594128447,-0.6596421240409551,1.1209234623474675
